<application>
  <component name="MaterialThemeConfig">
    <option name="compactDropdowns" value="true" />
    <option name="compactSidebar" value="true" />
    <option name="isCompactMenus" value="true" />
    <option name="isCompactStatusBar" value="true" />
    <option name="isCompactTables" value="true" />
    <option name="isContrastMode" value="true" />
    <option name="isCustomTreeIndentEnabled" value="true" />
    <option name="isHighContrast" value="true" />
    <option name="isWizardShown" value="true" />
    <option name="overrideAccentColor" value="true" />
    <option name="pristineConfig" value="false" />
    <option name="treeFontSizeEnabled" value="true" />
    <option name="treeFontSize" value="18" />
    <option name="highlightThickness" value="1" />
    <option name="leftTreeIndent" value="10" />
    <option name="rightTreeIndent" value="8" />
    <option name="settingsSelectedTab" value="3" />
    <option name="tabsHeight" value="20" />
    <option name="accentColor" value="009688" />
    <option name="userId" value="53ac4f8e:168337859eb:-8000" />
    <option name="version" value="3.5.0" />
  </component>
</application>