<keymap version="1" name="Mac OS X 10.5+ copy" parent="Mac OS X 10.5+">
  <action id="ChangesView.Diff" />
  <action id="CloseAllEditorsButActive">
    <keyboard-shortcut first-keystroke="meta alt t" />
  </action>
  <action id="CompareTwoFiles" />
  <action id="Diff.ShowDiff" />
  <action id="EditorDuplicate" />
  <action id="FileChooser.GotoDesktop" />
  <action id="FullyExpandTreeNode">
    <keyboard-shortcut first-keystroke="multiply" />
    <keyboard-shortcut first-keystroke="ctrl #10000a7" />
  </action>
  <action id="OptimizeImports">
    <keyboard-shortcut first-keystroke="meta alt i" />
  </action>
  <action id="RunDashboard.CopyConfiguration" />
  <action id="Scala.ShowImplicits">
    <keyboard-shortcut first-keystroke="shift ctrl alt equals" />
    <keyboard-shortcut first-keystroke="shift ctrl alt add" />
  </action>
  <action id="SelectNextOccurrence">
    <keyboard-shortcut first-keystroke="meta d" />
  </action>
  <action id="SendEOF" />
  <action id="SurroundWith">
    <keyboard-shortcut first-keystroke="meta t" />
  </action>
  <action id="Vcs.UpdateProject" />
  <action id="XDebugger.CopyWatch" />
  <action id="openAssertEqualsDiff" />
</keymap>