<application>
  <component name="MaterialThemeConfig">
    <option name="isContrastMode" value="true" />
    <option name="isWizardShown" value="true" />
    <option name="pristineConfig" value="false" />
    <option name="treeFontSizeEnabled" value="true" />
    <option name="tabFontSizeEnabled" value="true" />
    <option name="treeFontSize" value="20" />
    <option name="tabFontSize" value="20" />
    <option name="settingsSelectedTab" value="3" />
    <option name="accentColor" value="e94723" />
    <option name="userId" value="5fe38071:16da5618b1c:-8000" />
    <option name="version" value="4.5.1" />
  </component>
</application>